Media,Desviación Estándar,Energía,Entropía,Curtosis
0.0018844964073046525,0.0024322775514422955,6.619882718162859e-05,-0.004912430545989603,0.0335108960144714
0.0015355505301421152,0.0020203801624988495,4.525842810716682e-05,-0.00788903346725825,0.027380759004307878
0.0013524682333259275,0.0017972984191938256,3.5649453542975105e-05,-0.009679701642364813,0.02930992372937924
0.001493636086455033,0.001779929753278468,3.693851227461574e-05,-0.00923379848886174,0.022385492367722703
0.0016238161254863263,0.002015547471888861,4.6353349727137524e-05,-0.006300863618614115,0.0342033737905529
0.0013352623479681205,0.0021174145911533387,4.6063460536839346e-05,-0.005609326309889872,0.0812059751077892
0.001439774955612117,0.0021345989980595956,4.799356515252386e-05,-0.005189227856666163,0.07306397403776567
0.0014741158664192465,0.0020129725436536395,4.4169554118772375e-05,-0.007800202786317295,0.036058742499715725
0.0012982508648986036,0.0018422040587595596,3.638538980043744e-05,-0.011701748894299613,0.027218385526282973
0.0013104818989842439,0.0016901952600784618,3.1977841130777634e-05,-0.010017719659313902,0.028046736690608927
0.0016201304706055986,0.0019095446382429732,4.277230487168785e-05,-0.00661013824064661,0.03504890978330394
0.0013749906380965886,0.0020990752245532217,4.589456381229767e-05,-0.0061745119813551705,0.07007622816086306
0.0013543933693474055,0.0022045888601734042,4.9489842774976244e-05,-0.0053499253481848075,0.08207777918584348
0.0015016896332855577,0.002112190536681576,4.800991350010183e-05,-0.007429772724278455,0.03851588140899002
0.001332100323866745,0.0018827776521205724,3.806893893470256e-05,-0.01078852481150753,0.02595503715550688
0.0013803248711301336,0.0017176153310094811,3.361927229591166e-05,-0.009846159485169526,0.02662033382440807
0.0014384844998148333,0.0018087882460456645,3.708561114892129e-05,-0.008850858308495572,0.025636233824423173
0.0014929713228796842,0.002086926885296376,4.699264504281083e-05,-0.006600316419674022,0.04758958821317872
0.0011253420525893026,0.0020890842614833603,4.271890668077873e-05,-0.006597641598079784,0.09455460357807775
0.0013836388809540907,0.0020596857979867174,4.4613761953549864e-05,-0.006515923914815783,0.05576333437561269
0.0014196947028107913,0.001919985169271931,4.035768741966277e-05,-0.008902506948719502,0.029769424869361422
0.0012460072369697198,0.001733828766708806,3.2499409915536195e-05,-0.010436683222534545,0.03187188339174092
0.0015085318164146779,0.0017056345767746616,3.494541553381756e-05,-0.008814707156862153,0.022539364016510847
0.0015517063228628633,0.0019051747242029085,4.165017559086705e-05,-0.006680269105438766,0.038992456810296144
0.001298696147442387,0.0021064454787177397,4.5235438047997537e-05,-0.005620474056674971,0.08286588654427435
0.0014316562287538508,0.002198835621919841,5.0247898232535974e-05,-0.005631002859871661,0.06463111592703041
0.0015476556628126294,0.002113440415212231,4.868813429246187e-05,-0.007269972253487984,0.03297902460583949
0.001347557475066424,0.0019230244893599384,3.9554553760902904e-05,-0.010371867866389411,0.030163104172788967
0.0015017118843528134,0.001767248524082102,3.666651757162365e-05,-0.010513374281925511,0.01666768190493458
0.0015345137717796462,0.0019050834723205892,4.140743567506075e-05,-0.00799908344432802,0.024631241504740553
0.0013378831032357468,0.0020848243179997727,4.493418478189895e-05,-0.0061236800410797735,0.06929903376528244
0.0012840994047550677,0.0021245086804066032,4.571290702698406e-05,-0.00609688899077731,0.08206713456154101
0.001489126364385877,0.002017986225142412,4.4541888834066596e-05,-0.006621985071307337,0.04150988281242015
0.0013697159078096938,0.001899747350924053,3.907235539803227e-05,-0.010626413200973309,0.02631714650822631
0.0012952445541860866,0.0017097815128421534,3.236291025760501e-05,-0.010465549024897484,0.026518075291531346
0.0015346718402243617,0.0018205968991924144,3.874133885649038e-05,-0.007505000754768981,0.029283180745275614
0.0015078829326856855,0.002043548750913671,4.567603657944084e-05,-0.006164454048300422,0.05392013358538306
0.0013520118861165414,0.0022003366967119193,4.930193769556888e-05,-0.005113110082894299,0.08435137527318294
0.0015186497866528864,0.002228229366618455,5.2510892436619786e-05,-0.005989477664546601,0.05023030219959398
0.001402900568063238,0.0020291310382406914,4.379727761040631e-05,-0.008485514374390614,0.03319328170768111
0.0012965084995524212,0.001666195641059232,3.113037460533044e-05,-0.011498948942427891,0.026958131416973667
0.0014403885682567061,0.001667167493375962,3.293745709666081e-05,-0.01241446445101546,0.016444348763035316
0.0014029209352867946,0.001949353764632109,4.110701404122217e-05,-0.00791799330103492,0.04151901299575045
0.0011798707372655819,0.0021178278400808513,4.43120274153771e-05,-0.0058853943434662385,0.0951518990954817
0.0013295853128263784,0.002142836469787917,4.6913175124231485e-05,-0.0056450057918483116,0.07252064839606832
0.0014673473300270343,0.0020178070089938802,4.4244765607674296e-05,-0.007925148205990704,0.03540568034700351
0.001232125471709061,0.0017517861032300035,3.287453540594174e-05,-0.011724291977148317,0.029419559839429264
0.0014464302392705477,0.0017343391519621433,3.495313327307358e-05,-0.009319160080437103,0.025938378250948295
0.0016524833604610594,0.0019914124325805583,4.5958020745634915e-05,-0.0057410883100889485,0.03917920227826225
0.0014148764630559517,0.002187077137016646,4.959486842317943e-05,-0.0052656162346802725,0.07866313220990252
0.0014156745926246625,0.0023167636327695645,5.4556357243190654e-05,-0.005389915109066399,0.07321879263366896
0.0014751963376424871,0.002123443064422669,4.8057514627918816e-05,-0.0073418336818056205,0.038628721742322486
0.001291625567955628,0.001822126082654283,3.568417597670317e-05,-0.0113761808068579,0.028198396099394365
0.0012962479756041254,0.0015745293006994266,2.860911341559554e-05,-0.011124061985917628,0.02101493848101735
0.0014168725598136583,0.0017551754907112374,3.518700372583336e-05,-0.010091531796879731,0.02269117234687401
0.0013653944205831586,0.00199926773341948,4.2308262192386104e-05,-0.007051556168932177,0.05589771681323211
0.0012031205754921216,0.0020780925328266813,4.3149084322965666e-05,-0.00598001750559627,0.09613329144675749
0.0014390338756430393,0.0020473181525612087,4.488982610680319e-05,-0.006668835691378073,0.05309778911267037
0.001391806652246722,0.0019216346241309132,4.0057058428515925e-05,-0.009331667236999642,0.028593489426773946
0.0012891326650761215,0.001762920042703809,3.3855814106354514e-05,-0.010110483338855458,0.02878748990012681
0.0015239427687985252,0.0017530782425919944,3.654763288578794e-05,-0.008095224367541025,0.02629606573067754
0.0016490854664693378,0.0020133054002716413,4.665053977552609e-05,-0.006243892044626966,0.044099452491913396
0.0013229612393370208,0.0021765233147900452,4.806721226464611e-05,-0.005418967257198043,0.08567533544007445
0.0015213542937100736,0.0022544902761376805,5.354595765449553e-05,-0.005475149354436417,0.056996060906328805
0.0014711881083903132,0.002063176506555115,4.5865297017266334e-05,-0.007943027994747182,0.032338717335849206
0.0013731590552114716,0.0018071890618701213,3.6206529170600546e-05,-0.00992243575260241,0.028438057743813056
0.0013490596604950698,0.0016516143797677169,3.1348581786169816e-05,-0.011647509959938707,0.01960067490346379
0.0013965527678584133,0.001813477368321165,3.669235215870061e-05,-0.008287331697285336,0.031877775543772566
0.0010269726477671434,0.001858526864861906,3.404677369506473e-05,-0.007925428822147477,0.08536827340391373
0.0012026107230948995,0.0018935093897152,3.69291672876444e-05,-0.00725463841054607,0.06729774076726562
0.0013474595273910864,0.0018278316468595104,3.652662629224571e-05,-0.008988793983547776,0.03179513194072937
0.001225107014018946,0.0017382118659547696,3.239500858058606e-05,-0.011764447214472304,0.030118965376915892
0.001288667899607906,0.001572870905843813,2.847631688280185e-05,-0.012274104641820546,0.02033562796806609
0.0015413632527622428,0.0017426352415667403,3.647950065662554e-05,-0.008313710836661745,0.027792923367492797
0.0013041178092205942,0.001866969743813322,3.723308441086682e-05,-0.006753550200298278,0.07508171408685718
0.0012082160086465,0.0019818354681047897,3.989184716085921e-05,-0.006850126289589293,0.07851080160030756
0.0014348643585425978,0.001948944222197041,4.1503145975468427e-05,-0.007845849478741231,0.03486614865017532
0.0011934668131303905,0.0016990103437613863,3.0906954037597815e-05,-0.01304507937028461,0.02620084258577575
0.0012950725378383788,0.0015946940349064794,2.913708060664877e-05,-0.011454852236715161,0.02419110680913017
0.0014042485985879545,0.0017133516228082137,3.3796328049304375e-05,-0.010366725238468658,0.022777567597172
0.0013467097780172725,0.0019178322310780844,3.937517865192307e-05,-0.007388274850439297,0.05393947916179551
0.0010419065117872172,0.0019533374000194424,3.725001396432157e-05,-0.007325806189642123,0.09917297028425107
0.0013118533230695975,0.0018774449234858284,3.7657030797099716e-05,-0.008378252068750784,0.04732558480282802
0.0013281458034898378,0.0017428496700785546,3.37208129627549e-05,-0.011350456064619882,0.024994572352710014
0.001167615383856981,0.0015871587480707952,2.7515294291059258e-05,-0.011516803699028699,0.03177418926831931
0.001500390095211342,0.0016617415246515783,3.3581772658005444e-05,-0.010026111394780716,0.02323374566207117
0.0015253493781873433,0.0018828889257825115,4.056803026449801e-05,-0.006354777792664006,0.046555621368651885
0.0011667782541566233,0.0020846392019101415,4.2990864265643136e-05,-0.006277673846483227,0.09199268241460525
0.0014400789443927441,0.0021591981269870777,4.88928880904569e-05,-0.006287858180961785,0.05508418401866999
0.0015063275524182388,0.0019520752084303747,4.25565757682568e-05,-0.007822251526010486,0.027975391609169953
0.0012898725424431027,0.0017976338428677804,3.49121915941232e-05,-0.01119433307403033,0.02736870653302222
0.0013492851854597096,0.0017024050241447812,3.2795404204678666e-05,-0.011447743826039075,0.020828004568224427
0.001434864819855421,0.0019029573360924746,4.0001570802501984e-05,-0.008521437283655326,0.03108393590278999
0.0012113240225007996,0.002069420701375512,4.293370996071431e-05,-0.0067067880251421835,0.07386764154998511
0.001199662832400212,0.0020911206079692285,4.357197826579601e-05,-0.0063036552083496206,0.08726340759352391
0.0014115273478879596,0.0019292860428014751,4.055667385830701e-05,-0.008008178512129087,0.036723896058460465
0.0012581438945664066,0.0017549782333572755,3.326224342392697e-05,-0.013427316646354303,0.024162350773405814
0.0011962184651888163,0.001533360408898252,2.63977557264371e-05,-0.011700324116929655,0.02534982228506561
0.0014683775656149573,0.0017241231513994767,3.494273653611381e-05,-0.008615809379638094,0.030990138902837257
0.001312830845440934,0.0018967965569869109,3.8287763095120474e-05,-0.006476071149843623,0.07241177442921949
0.0011736848903496438,0.001994296867586199,3.994015581071016e-05,-0.006531416515581309,0.08428716058883194
0.0015075353404726635,0.0020044835199952136,4.433077763685471e-05,-0.008020321449160466,0.02997754537852599
0.001292241353114605,0.0017759624110379826,3.428333693882941e-05,-0.012044121607243012,0.02421532744630334
0.0013076217772966063,0.001640254476777746,3.053406939281836e-05,-0.009976455107031953,0.02925265475229563
0.0014568422080343888,0.0017974128552488773,3.697807650324599e-05,-0.009787942302914791,0.0219257359063915
0.0013630582437629656,0.001970992097194073,4.1327819513137966e-05,-0.007330187454097569,0.05315816935755688
0.0010551959184566218,0.0020702651376492995,4.1364119663600696e-05,-0.0070390404508040814,0.1021494542176507
0.001356905315925514,0.0020265210738259023,4.313388102510283e-05,-0.006975301352977279,0.05606782917480327
0.001401213551027662,0.0018574915365697333,3.812094266248888e-05,-0.00959707570090904,0.027875027850387698
0.001257723259019,0.0017084096653727546,3.1890255822903505e-05,-0.010652264505144907,0.028931122752381463
0.0014181931303454346,0.0016373591437176616,3.181572007969575e-05,-0.010147929354789902,0.02245975527527666
0.0015370134566604265,0.0018476380074455801,3.961469993552574e-05,-0.006698013237286911,0.03997320810544855
0.0011945455642137573,0.001970495022417395,3.936345648067947e-05,-0.0062825146650475885,0.08632832757589498
0.001416033349359567,0.002078614089045617,4.568763980410331e-05,-0.006671453138339592,0.056549949810148194
0.001490716869243593,0.001997733027392206,4.38738675672031e-05,-0.00829204410865148,0.026900868803408435
0.0012945484648954136,0.0018310595599488851,3.5994988478946436e-05,-0.010566962959299679,0.030367592869966365
0.001377656280558045,0.0017195712890794303,3.3643001282332384e-05,-0.011842421408830031,0.019014456231744643
0.0014832157809167438,0.0019210633493007647,4.1226128995650975e-05,-0.008379118577488888,0.027116314292051105
0.0011203125906518235,0.0019889327689515506,3.920571240847093e-05,-0.007563647282501372,0.08106520442829616
0.0012242204362893404,0.0020398065274773473,4.2044087660978085e-05,-0.006524867316298783,0.081849302263678
0.001376553719826535,0.001911501025428833,3.953695535156865e-05,-0.008507350834810678,0.036679715447913534
0.0012589854481547306,0.001755227277444825,3.327922710881347e-05,-0.012801459726520376,0.02593814381135093
0.0012712838684567416,0.0016197377077710737,2.9543582611655966e-05,-0.010953189845263207,0.026612962602352717
0.0014172706736217827,0.0017015614824560084,3.362107374017764e-05,-0.008602338834891978,0.031718964246581105
0.001349794537628263,0.0018934723033528053,3.862574390772599e-05,-0.006520347134300465,0.06441989667843209
0.0010867906450093292,0.0019332856462646387,3.7021167229441785e-05,-0.0068938512171421934,0.09193270669229862
0.0014463996832930716,0.001978406350498794,4.26342017619421e-05,-0.008267334508605069,0.03292360925661332
0.0013190402868764174,0.0018217782177273097,3.599687801059618e-05,-0.010886866058793437,0.025032870065112484
0.0013039233361451406,0.0016925136794705134,3.196683115378328e-05,-0.00943691269115579,0.03193068585717325
0.0015595053423278723,0.0018286660633493855,3.933821285167046e-05,-0.008797200925497982,0.019729108107374417
0.0014741001046350546,0.001982587498397658,4.314019767363337e-05,-0.00706434767496503,0.04368487788952843
0.0011504956243481067,0.0019911071079655204,3.9588821900838825e-05,-0.006427828309937063,0.09723694477267525
0.0013184894919938384,0.0019399846536723138,3.975971216499566e-05,-0.006979212827381853,0.0577233453562139
0.0013212316623406712,0.0017766080344592916,3.464518424561385e-05,-0.01055138389056065,0.028302113083114967
0.0011279219705593389,0.0015753375219145532,2.6786601345789588e-05,-0.012353069379407495,0.03403602900323993
0.0013547695976916024,0.0015429689070750711,2.847619893871976e-05,-0.012602943801717939,0.017742962532856177
0.0015819836352880504,0.001818722864355217,3.934991149293172e-05,-0.007702995201421384,0.03263804163180857
0.001368262301610424,0.0021028804346374702,4.5946689927845564e-05,-0.005271744981971694,0.08072600745810386
0.0014341510738429732,0.002291936925463544,5.382439539793013e-05,-0.00542681102836122,0.0743028662660826
0.0015584887285535927,0.002211042406210338,5.241813883852098e-05,-0.006609334605804075,0.03638281387562186
0.0014257075596610315,0.0019753339312178946,4.2262647299977944e-05,-0.009846426805856456,0.027537716619884627
0.0014776933669456438,0.0016900347818908591,3.408019446038716e-05,-0.009814864813449271,0.019410477026331793
0.0014996460179169772,0.001818815298221096,3.820606864833674e-05,-0.01036243797351222,0.020135739864074572
0.001321789512323575,0.0019044627734896731,3.864145919613355e-05,-0.0069996257332611824,0.061933075212974836
0.0014280022630274035,0.0019845605215546044,4.2601957972034165e-05,-0.00636488716464806,0.06296127786957693
0.0016996287045127065,0.0020304897464657754,4.8004511508437694e-05,-0.00688037244073571,0.025723236835668628
0.0015518975775133065,0.00206765760316364,4.71248755164152e-05,-0.007691604926174238,0.030105423710904217
0.0014500532050426877,0.001996301020159627,4.328495803244216e-05,-0.0068164064445309204,0.04034408266928594
0.0016335451637370599,0.0018837364135279708,4.213968260515008e-05,-0.008999853351986156,0.017796213841792224
0.0018499539457985028,0.002119673096617406,5.3553492869586385e-05,-0.005714313085714577,0.02858329857950928
0.0012658269093615189,0.002100429436500532,4.4639950029989665e-05,-0.005471963469204285,0.10031016248868997
0.0019934565635413015,0.0024338999666770776,6.81753360766162e-05,-0.005934286170932571,0.01715179634887542
0.0018578241958924022,0.0023742002272769676,6.338141340735389e-05,-0.007697523044511289,0.016558187428224447
0.0013705104181517484,0.0021179926248075355,4.6515231579379226e-05,-0.00644633813702517,0.05767201226136299
0.0024899100258107924,0.002824279185400273,9.563475217309806e-05,-0.0034287944814793093,0.019358477061580632
0.0022155348873758337,0.0028104074743270455,8.913753275512295e-05,-0.0030826531378380655,0.03872123387226932
0.0019742214285325297,0.0031489420897260582,0.00010167013765247603,-0.003149150030053795,0.06727500062517469
0.00236470449984893,0.00318310043272599,0.00011116053336387028,-0.0023652985640384193,0.04283617205794587
0.0019109624100974536,0.0025284144583235324,7.069549568856374e-05,-0.004619343965995687,0.037985385056434166
0.002427219311676712,0.003067469437550439,0.00010638755727730476,-0.004529901393469125,0.016449306250407265
0.002479481480556948,0.0030446767956158285,0.00010636551537192774,-0.0023974550540440463,0.041723362911105503
0.0030223847257538814,0.003511171356067755,0.00014578927495866072,-0.0011142753276533685,0.055087929924870105
0.002516670623017425,0.0035555426889863815,0.00013578801726781621,-0.0018762098213913631,0.05220855243796437
0.0026275065255741167,0.0033807233118426675,0.00012808562669798913,-0.0022196916168438713,0.04477829390165519
0.0024213175411207442,0.0030739398005549556,0.00010659508834958308,-0.003723424528276775,0.025205546595321825
0.0026153998521748606,0.003216446501808404,0.00011861177325196232,-0.003335684714151183,0.021803151433466766
0.002697602058079905,0.0032475534656672338,0.0001222900283459824,-0.0015905139262676021,0.04250200716346098
0.003264104418716267,0.003860194891913897,0.00017446594685592651,-0.0009292059699347,0.03700905681045493
0.003886170318138427,0.00486602064896568,0.00026897004015783804,-0.0005542269724027682,0.03410626614371587
0.0032264064517366965,0.004639394469786971,0.00022950196881838805,-0.0006109734925307006,0.08579068960501182
0.004001442279617906,0.005433602465763638,0.00032263427778441643,-0.0005934270602977102,0.0415330589028901
0.003911701936282211,0.005349274197620537,0.0003117169133290834,-0.0007414489756092569,0.032453323607811654
0.0037739433836442553,0.004660810188159264,0.00024851247027594047,-0.0006383998622033764,0.04129022851481855
0.003956209619960152,0.004918116043237511,0.00027577313541876907,-0.0004421579045962045,0.034737728204651076
0.00391575506693824,0.005017670544796217,0.00028271893710785323,-0.00053706772137885,0.05099088874843501
0.0035849764504628117,0.005186806640268627,0.0002861370087034489,-0.0005303872175674481,0.0539453714492003
0.004213807020965801,0.005695280550934588,0.00035520517666889803,-0.00023169612508644124,0.05119489148370248
0.004250144998253965,0.006536746620064737,0.0004438469925750399,-0.0006427370401607675,0.03455796029011972
0.005026360066072864,0.007003732796549293,0.000529989885238444,4.485670731551575e-05,0.05036582073335502
0.005174832909805836,0.006816982454075973,0.0005149555688720088,0.00012343962717508542,0.05875359603341613
0.005911055006878481,0.0075616192292792105,0.0006426017091259093,0.0003066704184168575,0.032167982250594335
0.004897280294282013,0.007333572103545923,0.0005642885177802051,4.963053915216997e-05,0.06487539764581023
0.005509373516463562,0.007673424401008818,0.0006363093860336487,0.00018995737361630604,0.07093752963153079
0.005908900823136437,0.007909170836529601,0.0006880663334536951,0.00023020818434926234,0.03124128410183611
0.006052713011693296,0.007872849226060883,0.0006909812729883565,0.0002906232261175942,0.039559083945101034
0.006200619669035731,0.007674693899612893,0.0006730557432550468,0.0004160323941979083,0.05197406687038484
0.006464569514909509,0.00824494392064585,0.0007651187804455505,0.00030172987600558864,0.0428216421897509
0.005652365538556546,0.008056031176057537,0.0006945382721740663,0.0002787479023078187,0.0683126552423884
0.006340686708274278,0.008296460660215822,0.0007651733402923603,0.00035838385771098247,0.04762879648140882
0.0060716297323705195,0.007858049373350882,0.0006900442196273214,0.00015222054635492758,0.03231103919091653
0.005764636401298808,0.007131279965054451,0.0005812766662792944,0.00020339244956927373,0.032441006508723565
0.005986584897661717,0.007458684681828715,0.000633556568698086,0.0002578372490657988,0.03321789755002186
0.00477102137050571,0.006817920737986493,0.0004969134899927956,-0.00011868801559527225,0.05381996006974082
0.004260683779920788,0.00630792935447075,0.00041933787776669764,-0.0003701208799501391,0.05732488071293261
0.0039221688659432765,0.00532124336651444,0.0003095519928853505,-0.0005266806092377765,0.03905410452653839
0.0036037400146997803,0.004310153733904934,0.0002161714254777962,-0.0012381933702921267,0.02674169783328283
0.0028731416850056256,0.004029682600965493,0.00017495794405264237,-0.0017769657109810496,0.040705689867962865
0.0034689673940617185,0.004268155482709489,0.00020880959811458302,-0.0010596862674620096,0.025894015381209026
0.0034525726809309805,0.004182657589005419,0.0002021719433147845,-0.0007348728776156449,0.04249832470731684
0.0030225978402159764,0.004090111688906797,0.0001830995209187893,-0.0008347594076447216,0.08926934885413877
0.0028549224830613546,0.004255087928461899,0.00019031643235375962,-0.0016612789673838765,0.041649054776078644
0.003024497618622798,0.003886791914767275,0.00016940299368229422,-0.001679175240226724,0.033164153299115116
0.0030579666153150655,0.003653243700922822,0.00015539541404217022,-0.001809584561083958,0.021983945698584324
0.00274861680198547,0.003936033157232985,0.00016547055694239758,-0.0021506864365615193,0.035138235317261575
0.002401219003663328,0.0034726488929466334,0.00012828345695296562,-0.002231835261930906,0.06422378476988214
0.0026232918507648013,0.0033578734166563634,0.0001266803645652365,-0.0030052841211110114,0.026312861727265276
0.0023240125666989567,0.002690847712141044,8.578746705564374e-05,-0.0038079194946061615,0.0220311774815983
0.0023348377944691517,0.0026667646948496573,8.492162856395561e-05,-0.002400542638642667,0.04800379430299176
0.002345035485275176,0.002538626018856008,7.948307946255294e-05,-0.0025297875394704977,0.039756394729699586
0.0023986168930892455,0.0031251424646917916,0.00010879127409647593,-0.004521296048905267,0.01837021284924554
0.0024320600768999623,0.0030227219135668484,0.00010418371565633652,-0.0024016422064417112,0.050787237395101374
0.0025422544381660268,0.002896491798537976,0.00010032708234347892,-0.0038239785523235307,0.016574985978278698
0.0028619941674496822,0.0032428583462706744,0.00012616211331496218,-0.0026509668547841218,0.014211633154252721
0.0020217405294211603,0.0028177960118292433,8.577899447464409e-05,-0.0029624170386992805,0.06345257075271192
0.002373291483462982,0.00270329254500275,8.740262992226888e-05,-0.003337200818816669,0.02330322125692072
0.0017161575330106914,0.0024259479742698995,6.319889035894926e-05,-0.006580166121028459,0.026409777882105162
0.0014461216704739364,0.0016809836756534093,3.3404377388940337e-05,-0.008859531047201226,0.023420890213948418
0.0018883600831107546,0.0020606549309470606,5.211095046780089e-05,-0.007007226652999265,0.014972026456253711
0.002038994577226718,0.0030295059806827868,9.658952208439872e-05,-0.0038122218691280063,0.04471937798998667
0.0023865088705227124,0.0036825947591692977,0.000140699364819194,-0.0019317957649126502,0.07830440527347074
0.0024806167301410272,0.0036246988479469895,0.00013918306933501256,-0.0016728491342291804,0.07870786865873942
0.002773908063407764,0.00373150535904199,0.0001528080078111039,-0.001962717934683339,0.03807516251980161
0.0018071574395258294,0.0027483646645103162,7.878983187620003e-05,-0.004597390565036893,0.048720779930828635
0.0020373118476552546,0.002109172934321694,5.64685165813889e-05,-0.006786501888987888,0.016844920868275243
0.001967578036142734,0.002046296562720953,5.2991526730216526e-05,-0.00929456186510777,0.010214501368307245
0.0016721860487318946,0.00213645946102785,5.132950669158977e-05,-0.0052723584224536515,0.04255622007801597
0.001743171284684727,0.0023095407369194956,5.894833610591026e-05,-0.004022864950790976,0.06295356497761492
0.0018221307216052616,0.00230159473851071,5.99099793312436e-05,-0.0050479152011768625,0.03536057267485241
0.0018037077306775416,0.0021885074098295606,5.5303725503441675e-05,-0.007844758713316332,0.021164721975167035
0.001350968228075596,0.001622460375825931,3.056272529938083e-05,-0.009495204260670626,0.03076103266572188
0.0023589599939904233,0.0026621447632862207,8.522462615529936e-05,-0.003468494588176289,0.02560554104291141
0.001964371989938352,0.002715508469253413,7.994768591576391e-05,-0.0038701800828774943,0.04479773463105699
0.0023454518818611146,0.003385391202582044,0.00012201441997738683,-0.0022702999338524324,0.05159698429030002
0.0024467948090047113,0.003373533629155754,0.00012352987034524706,-0.0028581567870456966,0.03155566332244546
0.0018046494951943764,0.002450758284276755,6.563257692233132e-05,-0.006198473235436759,0.02712313248415725
0.0020873639899516615,0.0024052498723170436,6.873194628142619e-05,-0.005082101272106121,0.02450505843426094
0.0014912291488586968,0.001793435781555835,3.731515845208846e-05,-0.009691454729743119,0.023310735112579577
0.0013075200924480875,0.0016389242252808733,3.049589004824286e-05,-0.0082031699660476,0.04440645545411347
0.001524420224356158,0.0017947455304242847,3.780734272174226e-05,-0.00808419745528866,0.025490410556733276
0.0010356936894973985,0.0012261800415946536,1.7592891093556033e-05,-0.019737815226688063,0.02279510570285775
0.0011419061479819755,0.0012462026812470085,1.905778522818098e-05,-0.02188728899784682,0.009168962278551183
0.0008666455700871833,0.0011693444931881443,1.4985407840261022e-05,-0.017760397461277756,0.03426459861403562
0.0012040224117425315,0.0014247375396674766,2.3758618882572487e-05,-0.012644639775319131,0.02820199669582128
0.0013926925783981333,0.0014855331573318735,2.7472553647660592e-05,-0.012572868533594544,0.01246727283710065
0.0016530482416128723,0.001779353541287267,3.918808270101336e-05,-0.008268809394718045,0.023019575608036125
0.001819727946509964,0.0021579495876435837,5.444016742183428e-05,-0.004323364482342682,0.04004012217073192
0.0014203580761360003,0.002211352340271211,5.057021284015421e-05,-0.005237334579297092,0.08724449754701909
0.0018199637923059682,0.0023264862859143478,6.085085799441706e-05,-0.004170769511797727,0.04784562574361886
0.0013835048724947195,0.0020742928244926197,4.512396789299011e-05,-0.007462699914326158,0.04349248328457692
0.0015346849344484777,0.0015535296409482139,3.11027820327229e-05,-0.010961730645107816,0.015857210086031245
0.0015809746071052673,0.0016060002496755751,3.315989392642095e-05,-0.010844015764243278,0.014316781552532326
0.0014811920772644762,0.0019888014026758715,4.344410915317837e-05,-0.00814735448783217,0.03132542361506227
0.0015390571742954617,0.0023121454310100127,5.602270014490369e-05,-0.005163356781585427,0.06359277561555383
0.001341949393471399,0.002435061537718238,5.840271661527369e-05,-0.005241865010531715,0.09964918277484082
0.001678224519990268,0.002146009298083373,5.1767618494727006e-05,-0.005587835722564913,0.04544216020725088
0.0015768870525196355,0.0016624128318468458,3.466453632692493e-05,-0.008765625327162518,0.023540654611842297
0.0015580575151346446,0.001595544886025133,3.255103722651689e-05,-0.009201448273709542,0.022197270435785545
0.0017791312847267333,0.0017962155941543046,4.1654838169521254e-05,-0.0060499562043189415,0.02964419568215447
0.0014837843631924032,0.0018383111112989857,3.8596602154288164e-05,-0.006959283096564743,0.03886739406668118
0.0016007042770457207,0.002034076171568224,4.665261437543362e-05,-0.006067168208175052,0.04535409234219329
0.0013566517590152159,0.0016577852190300271,3.161453113955491e-05,-0.010164681071197699,0.03027860812841529
0.0015007723230303553,0.0018342537545888342,3.869942190252158e-05,-0.011206895308035932,0.0168077451470763
0.001507982810602289,0.001931519763334976,4.190241785562009e-05,-0.006382807492551335,0.04270191309174678
0.0015461590607782907,0.0018851796954734265,4.0930060218511495e-05,-0.007266610516698423,0.036770584457569935
0.00181630679337332,0.002214963758108601,5.649740672426716e-05,-0.0057277726766326986,0.03203296605022691
0.001684528522390235,0.0024090071672353804,6.20184656011348e-05,-0.004317846193036307,0.06329861745304509
0.001490793403629708,0.002289342072461878,5.44723569263962e-05,-0.004972231087190535,0.0731627073240954
0.001639510281308007,0.0022681653590854484,5.57580727589376e-05,-0.006814781360166443,0.034952639775682096
0.001881813548706935,0.0019909079896219825,4.9603956247332775e-05,-0.007156228942821572,0.013971148093642756
0.0018148033099275557,0.0017958651518150998,4.2223551083279296e-05,-0.006300626110452112,0.022190614004823854
0.0017803215474531489,0.0020821263699389346,5.107373374549936e-05,-0.006110840899656508,0.022668516419686337
0.001798446567459971,0.0021416057767920894,5.349649989173961e-05,-0.004633913267461265,0.04124029305032208
0.001629993540330811,0.001939103432648549,4.388152523195849e-05,-0.0061317560835627526,0.03604071005115701
0.0015928681512860864,0.0019804768692450333,4.471547179603654e-05,-0.007127204214151765,0.028766123830318444
0.001405076641148773,0.001669523962983873,3.255001849968981e-05,-0.006769227869171748,0.06255198102625692
0.0016612953937180754,0.001729455894864462,3.782745628240585e-05,-0.009426142926741713,0.01486098124464585
0.0017561925461645296,0.0018472292713013494,4.286391664756601e-05,-0.008667200601635226,0.01719655089056515
0.002316466345048655,0.0034266720805870956,0.0001237875247136062,-0.0034900308913472233,0.0338458754030741
0.0023290527556689908,0.003745920574728374,0.0001434626227484247,-0.002256111673577226,0.06713986263081206
0.002498837525043859,0.003365739905230491,0.00012424781554039535,-0.00287850807551776,0.03553652668264046
0.002454100146934457,0.003580490065159001,0.0001358915291454591,-0.0029917677876541934,0.035209190226657555
0.0017943022384082688,0.002035742019378954,4.968045066135539e-05,-0.0057597554819872115,0.02706697567595998
0.0013985642931867589,0.0018337402982560248,3.734423625409706e-05,-0.00949410195287469,0.025889793210731933
0.001650088016471151,0.0016840407368136287,3.634560256346929e-05,-0.005999279551125273,0.040747160058744056
0.0013795153410235289,0.0017326459020738528,3.40487849755112e-05,-0.008099484877002613,0.03105054034611317
0.0013110847889717212,0.0017813584347212738,3.466775090405743e-05,-0.007347615550342952,0.06237641590517039
0.0011762100705613402,0.0017661930908883022,3.269559786816453e-05,-0.009133411205012562,0.05058514879988017
0.0015714168160583862,0.0018857335327873345,4.1303624959414935e-05,-0.008990648996656709,0.021621235035893704
0.001800596734199005,0.0018447728299287828,4.3500794825599794e-05,-0.006493704293881134,0.02696234918833617
0.0017148477304084096,0.0021919747204380345,5.401948737066791e-05,-0.005301541033697643,0.038218422118831794
0.002062743148815251,0.0023464396235075755,6.590130394100464e-05,-0.0027919437755547618,0.0677139027989025
0.0014167068358876477,0.0022367936019621103,5.148270489066641e-05,-0.005796951772001765,0.07288216155826285
0.0015895996939141253,0.002156635862412547,5.084637660072624e-05,-0.007778685571566914,0.03114305631179757
0.001419619228910204,0.0017058809498609036,3.377595041097153e-05,-0.010626277525302976,0.022319158241836463
0.0018732783779424203,0.002157933261573512,5.533331069109185e-05,-0.006815547664058149,0.02114035221698662
0.002072675174270688,0.0024573433697955365,7.060308334596089e-05,-0.0036256311509227355,0.032484518953320725
0.0019542153147370676,0.00240414064289705,6.625476430011204e-05,-0.004030823757252392,0.037649599220224046
0.0019529677632429809,0.0027051417054298676,7.926943211158866e-05,-0.004764051037903719,0.030857561995335066
0.0012630926162761572,0.001892115877179697,3.755840950832264e-05,-0.007985985555779649,0.05541201736063136
0.0015390320489366335,0.0017952543381645606,3.8025121357416516e-05,-0.009952240569206669,0.021554242401109175
0.0012773628196561435,0.0015219370723682135,2.700899118267568e-05,-0.012055059919612953,0.02046430534214354
0.0014017853067142358,0.0015099020224919894,2.820616374593323e-05,-0.009965522275795351,0.0283083678444703
0.001639701116562127,0.0019736891217641966,4.517212763779441e-05,-0.0073639223563556405,0.03452613552972708
0.001512952617732718,0.002240353059769866,5.289208249947139e-05,-0.0049531658553804295,0.06861944376217066
0.0015269469650710976,0.00234108897419728,5.699658469528323e-05,-0.0051197790597523165,0.0789768757078527
0.0013937635020818515,0.0021205425074991547,4.6897337744675565e-05,-0.007691661958773137,0.044512130918704734
0.0015464308357014556,0.0017987009477205805,3.823329401935106e-05,-0.009822719197905656,0.022540351050455928
0.001005161233867008,0.0012726980836244531,1.8296670240107188e-05,-0.016290544888102516,0.027186054739822784
0.0011497472918988675,0.0011592425804774205,1.736580340030968e-05,-0.017220482208189728,0.014047276732325269
0.0014399962457256562,0.0017122833650463445,3.422480419888836e-05,-0.010137900463809312,0.02240345739376258
0.001051918044018301,0.001735432801808261,3.053097631388529e-05,-0.008743646185602772,0.08494589514118575
0.0016018644327914164,0.0021838375987942053,5.202413213488013e-05,-0.007195678638872399,0.027645868096829576
0.0018118581243450813,0.002476793001733531,6.683788054977257e-05,-0.0066279300711668395,0.024999474748110397
0.0013413903362058542,0.0022042198740688454,4.9317636886959955e-05,-0.004955684225923041,0.10556365365449996
0.0015963824746744056,0.0021131830832580908,4.937126206835163e-05,-0.006749116524177486,0.03910044302489314
0.0016054786416454993,0.001670123869029795,3.5293574699129115e-05,-0.009169766439221084,0.017551150887311406
0.002968679761876418,0.0039574331813925084,0.0001725884768105657,-0.001908315644617857,0.033503913580251767
0.0029844794520702675,0.004454392188734432,0.00020845001981665854,-0.001374003988953557,0.047123296320695424
0.00364434853491389,0.004493972060300116,0.0002312203556096435,-0.0007236922331352547,0.03930956264119183
0.005653136359351582,0.005441566289298743,0.00039543460892223095,0.00037759617368596633,0.009523546726025461
0.006608701758812896,0.007207707831174093,0.0006377653895355952,0.000384194633535026,0.01552517117860341
0.011275225979700071,0.0147947601488347,0.0024300148715539873,0.0005843394392205317,0.02505135411438431
0.012388488326223314,0.01575688982249879,0.002798247184371138,0.0006528214052464299,0.0502557009352917
0.014123924355833267,0.016965488487094737,0.0033414298771674315,0.0006523601510819071,0.03181169678080302
0.015519593053486791,0.016534802641057063,0.003406097281258043,0.0009568552970697769,0.01853091250894113
0.011272492766626955,0.010686084401913758,0.0015422630233992729,0.0010298067849753897,0.013677085975779109
0.013091769365124994,0.01297264979645079,0.002201160867176616,0.0011612329716412855,0.004128563586979263
0.013102621250209084,0.012826509941119864,0.002170484986824919,0.0011265132278792912,0.012443540084889789
0.01765608384869689,0.020043429941350555,0.0048143476890726445,0.0008141919253981881,0.01746696213020252
0.017091852292991337,0.020231997115729938,0.004790122626644523,0.0007237024497140478,0.0202679105947399
0.020627461956842563,0.020297458587728693,0.005415306527842015,0.0010435705469702655,0.012295407895341746
0.01907931153527037,0.019014875297661885,0.004710078394751567,0.0010677750576223693,0.011421657446342973
0.018277790617097122,0.01662373609271619,0.003852380862185534,0.0012294183685398947,0.009570130769218158
0.02448763249636381,0.023789603281432356,0.007507444200793653,0.001055626563113082,0.007893079849230026
0.03450279249104008,0.03430415759594598,0.015355398766983558,0.0010039536896661672,0.007239395175123529
0.031318601026172815,0.033795662766250685,0.014114670753618703,0.0006976104990580486,0.018403203826171957
0.048551996804996854,0.05049866905913934,0.03227046521401068,0.0007389037753826499,0.006883045272228941
0.05774629782414837,0.05667601851661867,0.04229953487786862,0.0006365097595964187,0.014105858314783193
0.06360855341440008,0.059188494564995836,0.047982302104553495,0.0007051713426732297,0.007584073618686608
0.07762463628291053,0.07068411743810094,0.0695841665114889,0.0006008715702511637,0.00725160327788129
0.07071096108615962,0.06938797146696304,0.06341043084200693,0.0004473210421118721,0.027632257987603798
0.08071073410345304,0.08130293784047435,0.08547360315768703,0.00047466252109534454,0.015132731730041074
0.09535036966523958,0.09454897729854721,0.11686760287082383,0.00043312931332218046,0.016040252638272398
0.09959640339586386,0.09727980924199321,0.12504910133141725,0.0003582067762339701,0.023892018656362847
0.10249068585641238,0.10941834808169898,0.1489611934612316,0.00043324727270703924,0.012895834269931603
0.10343686728764712,0.10314454480151174,0.1385370779118404,0.0003230428086298959,0.030586022740549952
0.0869712351187967,0.08131119470539956,0.09022919498012291,0.0004046224174148158,0.028563826097281583
0.09996488354779377,0.0783310126118133,0.09717340743631249,0.000590943982924498,0.010066502813061498
0.08801322915029373,0.08223822543910989,0.09233844194606401,0.0005044233842146821,0.01542614918640187
0.09190082168809165,0.0928601277425632,0.11126545711372061,0.00034152492882629485,0.051733627722386384
0.08495438321253625,0.08884102916755317,0.09952296599315703,0.0003648596405819055,0.02547157257681631
0.101801152691873,0.09522922389106216,0.12370946993983206,0.00042342742170783124,0.017526348334714288
0.08953669681659779,0.08496908238596043,0.09743160532751001,0.0003711998238815736,0.03569549805837113
0.08749499109064324,0.0887736825476583,0.10140157831454014,0.0005005044478097943,0.013727167884160991
0.08794644818801049,0.08430502470342817,0.09520320051342507,0.00045226578233823844,0.018685760545385694
0.08477363699587702,0.07052852292322793,0.07464471996316543,0.0006210027386409964,0.007938772636260626
0.0824418664312679,0.0683088470817314,0.07027024369817922,0.0007257620021878898,0.005603078042671369
0.08050211676812466,0.07106516085574448,0.07209832750459241,0.0005580320426395181,0.008881955739089783
0.08071502013089213,0.07437952125732644,0.07633981095782714,0.00046281336533041107,0.02233547612968571
0.0920468281427695,0.09379646521349329,0.11286838041660276,0.00044084358183117927,0.013367633653947589
0.09080723310288019,0.09552976846693619,0.11462581382157702,0.00032042200349162344,0.04378063185056476
0.0810176749280493,0.09189540582836107,0.10124973949472767,0.00031550679431179495,0.045342047438360976
0.08928790762352999,0.0923044300638814,0.1082536555814886,0.0003905380114671881,0.023031779161288884
0.07067600973751022,0.058665630595856784,0.051748954266018964,0.000736258444742061,0.007245557208544674
0.07396545681929322,0.06201882920228634,0.05732962392082953,0.0005887283129685244,0.014456158514567885
0.07921072315855605,0.07048317461477265,0.07046789382597766,0.00042779715283544547,0.02786890922765404
0.09521841414879978,0.08539916128918422,0.10279672497602009,0.00046607892145331456,0.011193871641811456
0.0948187662867781,0.086316863954503,0.1037893294049875,0.00043101325964298116,0.01501241217621212
0.0989070853925692,0.09528053779804667,0.12116726056035454,0.00039634290647202206,0.022229896365183466
0.08878363449316848,0.0929956362185213,0.10893357232907967,0.00036375341296453033,0.025445302247469985
0.08630999170152547,0.0898419361813274,0.1020882541435189,0.0003612291472931437,0.0350373580987578
0.08143987700204379,0.08872487359398491,0.09670528521172962,0.00046669856828165864,0.017706866587213616
0.09842788563805743,0.09157267243774204,0.11486684921068763,0.0003957718280572757,0.020182832078580636
0.07911245424588899,0.08241478576293619,0.08586224308451665,0.0004160283502377356,0.02462899081821004
0.08896142253567801,0.0879073692277946,0.10127349889924142,0.0004815282583568059,0.01202982635056861
0.08884862825596149,0.08445054423661967,0.09613219925838794,0.00047244547255918194,0.009451027155241811
0.08650406338982247,0.07918430558874513,0.08696928185158108,0.0004560224361790553,0.015246418904935034
0.0831354115472319,0.07489340069610675,0.07878232585399816,0.0005927355918559731,0.010981690516652567
0.08114649629491281,0.0770870308637539,0.08013180714807898,0.0006335943496642347,0.006659339420689453
0.06369204298832891,0.05920048522320524,0.048042367709694195,0.0006211992927468514,0.012312935529422494
0.06411847426513452,0.05270806160413435,0.04212968556497345,0.0007237293498614974,0.008009637003321655
0.061976950857729134,0.06369666246155622,0.05175239737943442,0.0006084692215089502,0.00857284824817031
0.06401151929588629,0.06250361528036442,0.05163451799288034,0.0005607229816086485,0.01862075185100424
0.08434433194537362,0.08532451525320514,0.09386445634786683,0.00045373331246052225,0.019583939787454315
0.08590802602947677,0.08471365264002857,0.09418708815042917,0.0004362161127819539,0.02641209993443085
0.08306365640246376,0.08875567604568549,0.09795880361741792,0.00034774686324452953,0.030597664544443785
0.09665886312606779,0.0964868077132795,0.12114116160145727,0.0004923693527106556,0.01331215853754833
0.08727614352176827,0.08519964478712883,0.09595786472180419,0.00039905392240443307,0.023113316023571265
0.08257650310511061,0.08424559343133523,0.0909799934083324,0.00041361793439116977,0.02515479304456055
0.09127212162253742,0.09181988673959601,0.1091164924961347,0.00041878759073182934,0.015451013374862625
0.08548571654038456,0.08947297646986696,0.10088745910297568,0.0003782894140619843,0.02344373857838558
0.08441621373488722,0.09063084723903823,0.10183401692670707,0.00042453987537844473,0.013739842480685908
0.08561214842408252,0.08482858537396237,0.09412292118215564,0.00043332918071924446,0.018514318401711357
0.08166369254534188,0.08279252805261865,0.0882449608336707,0.0005186165165640014,0.014183878846024957
0.07098352176519922,0.0674901875915833,0.061382950343652494,0.0006266634146724004,0.010947264322328794
0.07594659869568925,0.0595390024683203,0.05611652241889984,0.0007905011673620847,0.003492968141049412
0.07247479504677169,0.06046236676940746,0.05472707551655315,0.0006755988678750465,0.008843979875432418
0.07453246467473847,0.07581330117700795,0.07382755141504792,0.0004583587136948869,0.021961453356465065
0.07835138659522946,0.07937146472230967,0.08114687597090266,0.0004508354125077439,0.019364138038076503
0.09316611074650238,0.09190208873879165,0.11082320412731778,0.00037864734292700897,0.02542957278070141
0.07793644947095653,0.08696442039397227,0.09156002983167082,0.0003687542160366117,0.024710338493799503
0.08258847373694218,0.08301283153908648,0.08924106784073954,0.00043235861394948325,0.020681321030017033
0.07760817621815622,0.0752325594525108,0.07519871618174383,0.0005516318903466671,0.010484387190335868
0.06431885937786604,0.06417034473051887,0.05360251171156628,0.00047146398193590475,0.027654132537242908
0.06819736289787733,0.06815659560873394,0.0603967501981545,0.00042157757321514713,0.03228627637628901
0.06437443244522838,0.06524233306473483,0.05481083080504682,0.0004380523952295937,0.03395828633014489
0.07479579414733643,0.06758454517655045,0.06400257912119353,0.0006690826519267792,0.006960458953425687
0.0679956359201955,0.07070976662845105,0.06327808765075343,0.0004999764017427488,0.01647504371255094
0.06890345183371878,0.06857416192514548,0.06131822428817581,0.0004994381184855121,0.014214221928818785
0.0818639415212518,0.08495999350693886,0.09147515036024371,0.0004966950494975149,0.00958838006885648
0.06030752580439893,0.06512831696482323,0.05239323988319456,0.00045433581999390247,0.03164227891172782
0.06850467161504535,0.06626650909244851,0.058432853853071676,0.000539669893011301,0.012269972286996717
0.06208589651085972,0.06019312162546114,0.0481340354186908,0.0007256015787648108,0.0062482396341372775
0.06976149821572103,0.06994164810092024,0.06346162235344671,0.0006168057556788425,0.010253246796154275
0.0620829082304061,0.06711569147413567,0.05560312984794286,0.00041748967706746926,0.02841536002681343
0.06896771501643502,0.0747818172854855,0.0689019413634123,0.0005094474091047443,0.018001739310730742
0.06244551694429901,0.0653755180082613,0.053852771965348455,0.0006797624927616916,0.0089310086220704
0.04666610360917741,0.042128383200343046,0.024886628563286932,0.0006448539259685273,0.01906919233107932
0.05144437111255134,0.04782208496264179,0.031346734136425046,0.0008015043760320169,0.007884629420514586
0.04870401221589796,0.050103590129730945,0.0320003565467872,0.000698976484187795,0.013998638600937587
0.04835303948407901,0.05393393692228414,0.035224473354328274,0.0004918498087288322,0.032385831590075
0.050578466589924535,0.054233920799223144,0.03649452341509667,0.0005296951136818645,0.030327438562285914
0.04838936105538869,0.04761419691526494,0.02980020445301559,0.0006518598094066673,0.018358710904252538
0.056050600242571524,0.04802803238950246,0.03375177124097791,0.0007927403877125114,0.007660353002794123
0.05164918938288958,0.04631613159519319,0.030240402303823702,0.0007155062015093268,0.011582664073431974
0.05383493098676056,0.050212885701203296,0.03447097368998459,0.0005610385718959453,0.022044363878805186
0.05238999270497351,0.04969425218000415,0.03333808286643931,0.0005679826275119302,0.02045688511007251
0.06212111617515627,0.0500747189489167,0.038695780160202406,0.0007622541053347799,0.0063942634274943375
0.06757194861784162,0.06001618511677719,0.05116833737315713,0.0006549487524016509,0.010213168810168151
0.06762431499808765,0.06316931854267077,0.05449295238445245,0.00047593956459614304,0.028189994303216996
0.07878141382967686,0.07358727658294469,0.07395233445981,0.00042357345336585154,0.02768820960935335
0.06299124961701447,0.06565502750548588,0.054472600652355256,0.0004631762955148945,0.023297826919015614
0.05963777168596682,0.057613526950448246,0.04421122705539851,0.000570206588211541,0.011905165664696467
0.0680488382451287,0.060529789778047884,0.051985459643567704,0.0007415740908262966,0.006785999345495768
0.0541451070743677,0.0642809589472138,0.04827622645054874,0.0004213656452573018,0.03255676372992637
0.07056219646513744,0.08162401990190411,0.07897907577411983,0.0004204068177434266,0.021636805328258544
0.0656522265466411,0.0723102503212278,0.06380307358596599,0.0005005034905469306,0.023714481429700916
0.05977138762138246,0.06471670448485232,0.051649236544902034,0.0005208838959086133,0.014944690719214549
0.057011277936150885,0.05628197951836275,0.04154103054924426,0.0006229318392972596,0.020128588929033426
0.05334238969812658,0.05280881338703345,0.036499453798524345,0.0006627646258496645,0.01721990362843272
0.05703405217335269,0.059361636517548125,0.04457177208744888,0.0005212493139969104,0.022023240073500688
0.05616926753979406,0.05364433905749306,0.03865248892778463,0.0005385055565138995,0.024774059072756496
0.06879405484704199,0.06013492422742723,0.05204242846353529,0.0006887373508468194,0.00845364200852582
0.073973128885918,0.06824234458754783,0.06420686768377547,0.0005480415870293518,0.015332014679153672
0.06996773984346355,0.06595733585293073,0.05900189546586689,0.0004603245343741435,0.03343564402530861
0.0863781470527115,0.08719645809507638,0.09817125456912304,0.00042691087722652625,0.017599887009831526
0.08351525315705491,0.09000698062478259,0.10019495214203036,0.0003983297423743928,0.019122512612933854
0.069900991289609,0.07528961486978074,0.07013364563383913,0.0003960069468713068,0.03809335044553661
0.07767475122592027,0.08504320309594923,0.0885746637069337,0.0005258182398640395,0.013604389359342061
0.06666164778624352,0.06105512597005393,0.051682395282783365,0.0005182982231656966,0.018389803194330576
0.055862098731745975,0.05590131513571789,0.04059282673295539,0.0005056877509966445,0.03394245708245477
0.07166052862055894,0.06795792158442304,0.062356426950195554,0.0005139902011700962,0.01575328814707117
0.07069198359702697,0.07351058067781314,0.06839220100150077,0.0005101172912030258,0.017652779607667434
0.07636922194705337,0.07749199416907868,0.07726172140737331,0.0003903566883080157,0.035136123127689906
0.07515553949784833,0.08934594626647745,0.0931953846254447,0.0002950836424355969,0.0470717712286635
0.08062742302162643,0.0912213667048749,0.09991836152615295,0.0003423709837709899,0.02977690081140671
0.07191971991255777,0.06900291015243668,0.06373785283440017,0.0004934399919875323,0.024042055296192646
0.08122040777165777,0.0774500153055164,0.08066155256764052,0.0006033948456132979,0.0056154037854619235
0.06686105718435126,0.06065987426315688,0.05139491433567921,0.0006370799181710582,0.00801592459007155
0.07055681091607482,0.07022414617131614,0.06430161732626206,0.0005503384626991146,0.014609613989981857
0.07296541873229576,0.07034897014739966,0.06601262290779612,0.0005521625182767875,0.010567317095390681
0.06835085483915586,0.06473125961036558,0.05663288461384302,0.0004593636472486517,0.031729349044857726
0.07326702967194519,0.06501875443262391,0.060095495204192106,0.0006817550947729225,0.009007435252172983
0.06217830157231727,0.06037628618424663,0.04837313391708597,0.0005784551030190249,0.01425356504123218
0.05840786696044191,0.0584691047478896,0.04439700848222235,0.00056048714565343,0.022428067245102313
0.05288388579659885,0.05343962267831504,0.03684748833616847,0.0006571731617745821,0.010919654854371366
0.06118086342168156,0.05540254239532161,0.04293558098845989,0.0007785389215318135,0.006937486797113554
0.05748280802553539,0.057664419303605975,0.04312033768947385,0.0006639802229561952,0.010462038813024791
0.0511774633463344,0.057802726516809975,0.040159378203472686,0.00045744448995022595,0.03923142496747775
0.0665291945187351,0.06572296299078223,0.056619153198134986,0.000599603605804642,0.007014444424353269
0.055015247018891,0.053710829503474056,0.038133134006883576,0.0007311058214440056,0.008023151992997593
0.06987065368911372,0.07092822666442578,0.06470862307770915,0.0005393645502481362,0.011155520822857378
0.07906762784394702,0.08128475230959041,0.0842620818346995,0.0005539747426527618,0.01010487393833325
0.08332945790482685,0.09772552540896634,0.11233814455522075,0.0003597536420084899,0.023776071871475596
0.09342870717708984,0.11356933325880306,0.14878402248121333,0.0003544309358765331,0.017317936049198613
0.09257394839959217,0.1100902146221405,0.14146927736816894,0.000261000727846406,0.046954230627985996
0.09952013171763242,0.11581009365628206,0.15845269245506574,0.0003317317393182797,0.019241624730179346
0.08489684985471736,0.09843107062059589,0.11470295796043858,0.000442355656166392,0.01786262460384463
0.0809501614604375,0.08625123599598722,0.0926768334925843,0.0005168827441616563,0.010632126463533832
0.07525766851083722,0.0733822730906926,0.0712438943683006,0.0005814575610318489,0.010488579435138149
0.06328115500864814,0.05333916779229615,0.04221493341765185,0.0008386240562660795,0.006390077882283077
0.05948292501003737,0.06250994542377843,0.0491137954216732,0.0005711878048560185,0.01716029376731708
0.07599070600094322,0.07032055216517767,0.06801527820542082,0.0005842050565851738,0.00847527684311829
0.06644968234430981,0.06049013065721282,0.05097275066682983,0.0005908551158378983,0.018736235365872593
0.07107489831689635,0.061578601028561,0.0549736900579355,0.0007948294186503636,0.006319181253345248
0.06684332969290355,0.05964997870445116,0.0503542498513544,0.0006295791914607388,0.009079297217688354
0.0494700784959091,0.05004178763780267,0.032287775470236285,0.0006404274895090907,0.015133001560249135
0.0607114128238606,0.058021925301260734,0.04519549718661062,0.0006140363570029379,0.01240885566468711
0.04836585044102417,0.04923754867647498,0.03112270796142754,0.000526927092289018,0.028939772882598674
0.07076721996070069,0.06277623604494621,0.05603894778735574,0.0006242709326327533,0.007071345035168886
0.05784573432486823,0.062776508139205,0.04852879343494173,0.0005486186708080256,0.016355099621051077
0.06581335388610635,0.0730622613514474,0.06482551882679163,0.00040444356575831063,0.04925527872856538
0.061369221213782285,0.05839072745255897,0.04592236320757599,0.0005758374594227702,0.017575330739455983
0.06815572262708197,0.0634018158280211,0.05506849336982477,0.0006573374120509893,0.008256200241325482
0.04809428531025228,0.053843645225986926,0.03502919697550828,0.0004175960744725989,0.057440122078616665
0.06591913029897224,0.06960029332685191,0.060701783181970184,0.0004310313921345732,0.023174553924990016
0.06392914868986682,0.06762448188375735,0.05723566501931903,0.000465585336881134,0.02169743767653775
0.05581564921400269,0.061024149574512146,0.045646990187172234,0.0004572611420529707,0.030669461103852533
0.06198310495300553,0.06538679568455746,0.05360524625346932,0.0005730636140898235,0.01684807786078963
0.055437038279395355,0.04852590042054224,0.03385012884357551,0.000699051844402534,0.005227298624544656
0.051791799274817585,0.04386978861179308,0.028436836289298,0.0009555498229220351,0.006302405821444292
0.053636644958679106,0.04634193400398884,0.03120633074725421,0.0008383598662745029,0.011361725819071957
0.04454026928666008,0.044941022762410465,0.026086350095261217,0.0007510917605332584,0.012545325463543103
0.0484238267163634,0.04668478748357734,0.02907234408564235,0.0005396550991461871,0.03398918468485724
0.04731240076322235,0.049619639427036,0.030987395423363238,0.0005283602404838991,0.027962905180919605
0.04439446331743444,0.040728663236611576,0.02296865787951898,0.0007042451952646157,0.01487924859836048
0.05257615255529481,0.05030130464892695,0.033940964096252184,0.0008514819993087187,0.005182159471380487
0.04850899619515492,0.0499643868335562,0.031796597616398,0.0006782072429449563,0.01409835131922934
0.05115279490311213,0.05802614001119636,0.04036733432013404,0.0004554106882940548,0.024766252059430595
0.05412557324968794,0.06588496151912192,0.0500365409577579,0.00045203771785622577,0.03275402552686573
0.05281742393420998,0.05784370912501068,0.04097030519872867,0.0006440314756069386,0.010214325986879757
0.05361409162135437,0.06372735213560954,0.04741689573474909,0.0005576475396374908,0.013297407722232247
0.04759350538208339,0.05160803233715112,0.03281420653824166,0.0006007464292825493,0.017499155147437894
0.05204436575068213,0.053070359569170916,0.03611598833881948,0.0006803760624070151,0.007846732778729736
0.04299392936728735,0.046474237189864626,0.026662754722920196,0.0005162789452474169,0.030778222509870362
0.05245008116059791,0.05203628040865635,0.03538623517283032,0.000644099605026656,0.01354019752079158
0.049653295334111044,0.04942800998612159,0.03185231265445494,0.0007540777144216304,0.008060944862505639
0.049699546409316904,0.05490260900714103,0.036714844718218155,0.0005728466817215359,0.013636403904591497
0.03951846128396087,0.05179524643655764,0.02979930333762371,0.0004563037491064159,0.03734385957259832
0.0484727963841185,0.05087255911511181,0.03255702807313797,0.0006327169980903861,0.010313806802441995
0.04184620783267,0.04678894677410013,0.026471505771232185,0.0006528682859583969,0.009756000180021247
0.036225932775101485,0.04039369508959107,0.019762143180062572,0.0006178110013603544,0.02612728041923587
0.0506018262916137,0.047848080364885096,0.030979256005295372,0.0008273052092166013,0.004879444666988949
0.0422930874336585,0.04520759577018465,0.02540821425412735,0.0006315623561571309,0.012753971316191803
0.04985239368111991,0.0530677430818113,0.03510423297279276,0.0005256787909237181,0.02548913334854226
0.04705373148574477,0.04846173186679752,0.029914361610049726,0.000551872545107367,0.02095427600107084
0.04673167600537839,0.04600103421356221,0.02780744226788577,0.0006892091817343717,0.014850298075819503
0.04463956681517731,0.0445413820119275,0.025823227122363745,0.000760659872607453,0.007513479138161831
0.041267948888590256,0.03925478570259793,0.0207589728879867,0.0008439651571975832,0.008339287932701896
0.04007578339636778,0.04139602988451796,0.021784626363193702,0.0007301772019347709,0.018678324504958047
0.038010537237166526,0.038981223754977506,0.019410477104820353,0.0006907138888372741,0.008810858785706569
0.043149196085845394,0.04133102180005459,0.02289499851812141,0.0008875289109272836,0.006229566177799361
0.03159403200349582,0.03335949185676625,0.013944681686320216,0.0005960996948047712,0.03547554469630603
0.036313767908549587,0.03491698797475124,0.016294581203838778,0.0006746532600090782,0.019442216886085262
0.033736964668039285,0.03176510096985007,0.013697183261553883,0.0009309725807791926,0.011015852593377427
0.04179118761816127,0.04039730548937716,0.02172681646709434,0.0008394363999395326,0.01092928377699188
0.034380131433649895,0.03540908565181572,0.015970177816127168,0.0008399050512033562,0.012225107645444322
0.03575535348782733,0.04184130348589635,0.020618193011531907,0.0006409930365608491,0.016415440008185504
0.03130361740948631,0.03397540660172154,0.014213691678687117,0.0008689245387309096,0.009375992463935025
0.023087318620881734,0.02718970514896676,0.008675721742809325,0.0006461174756542017,0.028929921174260978
0.02047795384758291,0.02261313162016778,0.006229861147305107,0.0007383839716580308,0.02803465249541445
0.027232635830142835,0.023013486416485096,0.007841133237830493,0.001116657342046048,0.00909235639659839
0.02297419507183453,0.020300491674456193,0.005878768792290892,0.0010810100432933323,0.00950211121501675
0.023520839520217336,0.025689362709713892,0.008094503056986928,0.0008479695909990649,0.015925623413662816
0.025706315183448028,0.03147387670540797,0.01138370928993093,0.0006709999036866235,0.022925623961572054
0.019759312148620114,0.02263969818230149,0.006109372180067048,0.0007498460215834012,0.02491549659358846
0.021377214812830003,0.024673521131417214,0.007225860865520516,0.0008442131886551329,0.017677006380653486
0.01018810382202726,0.011233852417818982,0.0015388752708968946,0.0007954121225062867,0.026618430766821743
0.009921652288038912,0.01173318811225029,0.0016118756633385586,0.0006345943756668029,0.03213004551936462
0.015086949241669579,0.018058766844867024,0.003793153698771486,0.0008094145066476599,0.01758256577495469
0.013744637433101404,0.017867331648766693,0.003559953069671917,0.000651842527720643,0.030371723124111794
0.015717460611868805,0.017945074194838654,0.0038462300796267834,0.0006716396611026115,0.024748514946509093
0.01696106304270524,0.019147252591805886,0.0044078898896293735,0.000870820844916143,0.01539471579426058
0.010799690962609286,0.014885447439647086,0.002405390995790716,0.0006001006568100473,0.02913788949569036
0.010342073433992287,0.012052486663725806,0.0017147568486479135,0.0008343610277964163,0.013461349226784117
0.009187888405179007,0.01156294451663233,0.0015148871986550767,0.0005271165488790324,0.01933628035902266
0.0069401341736386206,0.006593305792874304,0.0005861800806035198,0.0007956538250776852,0.013084318448837135
0.008049366184509086,0.009592831361912791,0.0010728833927906565,0.000475912296342554,0.018491479545269338
0.008333939631503497,0.013244642249195932,0.0018009152109917058,0.0003485645142780706,0.043074372954134195
0.011330407295105671,0.01370501529130232,0.0021723795100070226,0.0007726481623563693,0.01496114576171366
0.011766698438996822,0.012793121015502569,0.0020130877198302945,0.0008605487809823468,0.036472617119635224
0.00685025955483544,0.010614318828983248,0.001167116700720604,0.00017661455765074217,0.03554839203169634
0.010546719561483186,0.012063192569927994,0.001736264459575091,0.0007596151045677348,0.02207192648156767
0.005904883063865736,0.005780318859579154,0.000440808941164058,0.0005268096285962633,0.017713362272980992
0.007605218089029575,0.010581677055686257,0.0012105718165882546,0.00029280625527207263,0.02474604443368956
0.008651527996217122,0.011117577444677113,0.0013860181863552552,0.0005302481054688623,0.03194416507506517
0.00777425289403269,0.00874873741895204,0.0009219695004942321,0.0005910812133604617,0.012615883708497007
0.008014909445414168,0.010438349404127268,0.001213953644515755,0.00042811193997279015,0.018507821210306308
0.003651742028394548,0.005196334175241393,0.0002891591452070348,-0.0007020798341035407,0.04949681461344406
0.003511237066118376,0.004870676673054297,0.0002568199831720953,-0.0007398196776729608,0.04953272605319295
0.004155282974646235,0.003237335657928823,0.00016687278350075504,-0.0010166651244741004,0.005111824586212085
0.003375099463489042,0.0034621857799685715,0.00015309127787249482,-0.0018735930912151678,0.01286173761668171
0.0034726463410637946,0.0043583821846203885,0.00021552299411029227,-0.0010522901757676626,0.03422833568422715
0.004136007280956971,0.0035726832684262297,0.00018550952261091322,-0.0005326182109196462,0.009889576174465481
0.005174456548492289,0.0056045342370043254,0.0003872713187586539,-0.00024914950598975107,0.01769811003171857
0.004621076955149883,0.007583413304980378,0.0005839998984381668,-0.000651719669391089,0.035755958406034606
0.005383283414851932,0.006051344387888517,0.00044138279504559114,-0.0002317001560506501,0.015245332332745398
0.005662345494220972,0.007169485311703308,0.0005806257113089092,-7.98438022824449e-05,0.018798382961152306
0.003434823263897141,0.004388432896339056,0.00021657043080417404,-0.0007234460019168634,0.060461427837594
0.003012400971149865,0.004309264714942811,0.00019842534890939447,-0.0011135385534832712,0.05195645960309546
0.003597835615891934,0.004259646153765683,0.00021231009979523114,-0.0009333252810024222,0.030604197142349673
0.0036472712367556855,0.004480604021968253,0.00023029966614779524,-0.000782603867204384,0.031824777338805
0.004154495848074813,0.005222862822162178,0.00030923864058580097,-0.0003158078321598176,0.04163493851920022
0.003902430020497234,0.004979014752117734,0.00027897238379348224,-0.0003383894265599805,0.040500775754958786
0.004166990450120594,0.004708395905602929,0.0002663972102793529,-2.7108605937721767e-05,0.06356965441154667
0.0029367123047991848,0.004201224406596455,0.00018859605818782822,-0.0014716348118844157,0.04933166798156501
0.003129114434398234,0.003676707441125925,0.00015884271959883356,-0.0015969403695724393,0.028372020477178603
0.0031440315591287687,0.0034977833098145316,0.00014838384879380375,-0.0021511432793313886,0.017098034327502284
0.002555462174574236,0.0035560837456160054,0.00013670982817559415,-0.0021748007567328506,0.042645186896647945
0.0028630886832390883,0.0035596389113126707,0.00014445740260133857,-0.0019118064346678126,0.027912501875698287
0.0032929826799991697,0.003399441080215129,0.00014696711150397922,-0.0017069555671288114,0.01758646012684896
0.002536684330003142,0.0029734285595525273,0.00010402752905303898,-0.0019637987952493283,0.048180150789377124
0.002448487492150149,0.003320483908121609,0.00012055701915946875,-0.002492965377951088,0.048688165326800925
0.002471333573027143,0.0029852101517516406,0.00010314357293363738,-0.0031664190439047563,0.02693586273976156
0.0025391236189341577,0.002647396876955787,8.854890329897382e-05,-0.0037492541487810834,0.01568849107646058
0.0020713139543506462,0.002906990314315835,9.102447114584628e-05,-0.0037077252885269695,0.03692760193702467
0.002356122229260212,0.0030878653538286872,0.00010591486364545447,-0.0028476758062078683,0.03955596153185932
0.002421509186476899,0.0030953232672514433,0.00010771756392756462,-0.002864072483851598,0.03200118794540232
0.0023198299234262164,0.003101836712444425,0.00010588101267329449,-0.002524524910309644,0.04791005363441357
0.0020075588570026303,0.0029663122325788113,9.280274081036671e-05,-0.0028806717998137066,0.06868761171684325
0.0018565402961881474,0.0026442909001641456,7.484992363457734e-05,-0.004051326036543766,0.04895656531249161
0.0018453194558751347,0.002482334716270666,6.762388617626308e-05,-0.006573656908042054,0.025020172233245343
0.0017036267427844387,0.0020843222237227972,4.994373591955467e-05,-0.007513217988278179,0.021273946092076623
0.0016947985529954133,0.0020580173738390392,4.8884469807159025e-05,-0.00488668869230929,0.045906897371727935
0.0018796554216800043,0.0023079987172130215,6.112256908052099e-05,-0.003969162724573599,0.04979233865627486
0.0018009621190582111,0.002516884196377092,6.83570844990049e-05,-0.003997605769562408,0.05583918131869333
0.0017219341029942323,0.002586400371506594,7.01061751854316e-05,-0.004450526924240847,0.06398506518386503
0.0018721268074763646,0.0026180966599598037,7.394407096980234e-05,-0.005386488701041642,0.027665539815813947
0.0028949792737204506,0.0034991659700551883,0.0001416687406036585,-0.002381857983780369,0.023683750151904468
0.0026895196590440017,0.0036545432284371916,0.00014590570917877,-0.0015770488802492198,0.0621331470790985
0.0026644952287167615,0.0037649345992038204,0.00015224322671574284,-0.0016384574631903121,0.05013066615561437
0.0026576302839712994,0.003530857099849165,0.00013760133858952843,-0.0025899995413706236,0.03309365753451792
0.0016723476179483798,0.0022713050601969142,5.637037367850353e-05,-0.004914176965466511,0.04721789221273409
0.0015434254606682793,0.0021070180805756395,4.839927135703857e-05,-0.007489810944595844,0.03409390063947247
0.0015082343622494971,0.0019161748782763313,4.14053470325294e-05,-0.007776598493384859,0.027731695145306295
0.0018215213451629765,0.002139321130926366,5.3791086467943835e-05,-0.006434135367915996,0.018618560317578876
0.0019670918883070453,0.0023711560834979444,6.514774250266293e-05,-0.0038757856991583307,0.03830678331861459
0.002027182768960166,0.002471658940666494,7.035832931171018e-05,-0.0035960886179865824,0.045079545441099364
0.002069890457226062,0.002708669118568917,8.155701435078904e-05,-0.0032152929901616886,0.04483429617141573
0.001898332884444014,0.002658591748363527,7.62019698741646e-05,-0.0037635749550884103,0.05952779008420142
0.002851180163560391,0.0034925226346114,0.00014013760686411018,-0.00290449885436638,0.01580199414844861
0.0027655761882224876,0.0033211364205525578,0.0001280655611860524,-0.0018496284156362514,0.030535222238269193
0.0028376760794277503,0.0038353822990760786,0.00016108827795850386,-0.002096743402844882,0.037457155041287556
0.0027281062983140346,0.0032410181233621543,0.00012267853456087983,-0.0027183255880174934,0.025423306341741513
0.0022900771164704554,0.002585372194751505,8.03623093698456e-05,-0.0029277949254114632,0.03438974904132997
0.0019016634482754689,0.0026417806170200325,7.550382555630343e-05,-0.0026691614261478646,0.08882319717601929
0.0016025831138630508,0.0025224369521674108,6.554291185190262e-05,-0.004350507016519247,0.07421201693826858
0.002010959636766685,0.00227264074706989,6.205831302503415e-05,-0.005013950700666941,0.02713627157319074
0.0016471732236709629,0.0017084399908821584,3.700383965776618e-05,-0.009617594825490341,0.015196132771485927
0.0015629284376149958,0.0017633629518293671,3.73980727061231e-05,-0.007998947302524775,0.025299007743847437
0.0015958453030523114,0.002067499767263976,4.774452140627613e-05,-0.006978923985295728,0.03201045174358712
0.0016285376878949092,0.0023007160914764405,5.685671209765476e-05,-0.004848102089744964,0.05865090124559582
0.0015931702761239602,0.0023132188182869596,5.6830778447269816e-05,-0.005263920529178324,0.0610115937129146
0.0027928446357348164,0.0035929358585690165,0.00014468077679822547,-0.003171331157192061,0.018510502208061892
0.0025653960753518504,0.0033182814190476782,0.00012308211430734915,-0.002216952779520574,0.033137836011483845
0.002755640084313898,0.0032783595760619497,0.00012542454615033084,-0.0020703262535517112,0.02763466767973332
0.0025498984977221626,0.0032735350466536932,0.0001202234903826403,-0.0031382509390032068,0.023901753186982847
0.0020947513528251824,0.0030062777614793417,9.644267073428656e-05,-0.004547726912041541,0.03319321533663627
0.0019668945152529586,0.003080214980257026,9.79105544738337e-05,-0.0031658563619338075,0.06244168916374196
0.002169056636398777,0.0028076324030527214,8.808439921042632e-05,-0.003846438155068451,0.034476285838875145
0.0022260565027622144,0.00303945465777823,0.000100706948942107,-0.003599998735217036,0.033110569232578116
0.0011745870398182064,0.00173188790588097,3.1661101324435056e-05,-0.009745067097431297,0.04865860799147354
0.0015177731195788096,0.0016339736322919323,3.304310673312898e-05,-0.011084310933021736,0.015483092245760563
0.001405543472443007,0.0015158863740780107,2.8407339270298203e-05,-0.009868212388919169,0.028678852944824626
0.0008141115921280437,0.0015164388603901872,2.2488755087165424e-05,-0.011768218411383707,0.09161698749116866
0.0009054878931499567,0.001426657576115966,2.0958964410758594e-05,-0.015210165789987322,0.04488358344091418
0.0008652896114824282,0.0010562251564427568,1.2840680380711736e-05,-0.02245322691449361,0.027540618886229266
0.0007271535140669827,0.0008217735480547221,8.114159094767085e-06,-0.03671613491710785,0.016075423742601874
0.0006586097906980001,0.0007478644665662236,6.701479123880315e-06,-0.04454663571985291,0.010656773920805699
0.0005376821215602877,0.0006467763427978359,4.852605449634536e-06,-0.053266335583904506,0.02029132365637229
0.0005179339045940774,0.0005305040525968853,3.5980262400099615e-06,-0.0751474770073567,0.00843843489289885
0.0004244173860146809,0.0004472834871059026,2.5099769109211212e-06,-0.06876441710518781,0.02302398504908345
0.00031070669124738415,0.0004232711009317255,1.9550014009139154e-06,-0.08623412656970554,0.029410952130948527
0.0005389478549430824,0.0005122431885017949,3.536982368249257e-06,-0.08707606732964338,0.003945515329740586
0.00044387257934344154,0.0004464526270400376,2.5800251070801623e-06,-0.06908450732240048,0.026477625202716196
0.0009041302671494303,0.0009449056145992209,1.126290180415534e-05,-0.020163219264142298,0.035123768557891406
0.0007812707478954402,0.0009948066083273733,1.1147621502457892e-05,-0.01913976626739578,0.04799670182764518
0.0011918555354734604,0.0015653062206478934,2.718979782037467e-05,-0.014028943977688656,0.019102275890533173
0.001078318952884404,0.0013137327292526088,1.988519608431668e-05,-0.018728145971108504,0.017536986073301213
0.0009212188452771201,0.0013280284683966773,1.8785708013031985e-05,-0.02949333795477363,0.015562614891773914
0.0007512380563060454,0.0009930058489819695,1.0909276527263187e-05,-0.042999632134188746,0.012082009456322792
0.00033068066416473463,0.00029706001847733905,1.2422265381289399e-06,-0.17981304332839612,0.0064578207074789465
0.00021145814012403535,0.0002630452120026655,7.886209483511824e-07,-0.16736610363542828,0.01724396507209616
0.00020655735555072456,0.00031397471663976485,1.028477758255875e-06,-0.1263379562779326,0.04145263644819214
0.00019242348896478926,0.00025885882611297284,7.353567183751001e-07,-0.17853405257562788,0.02562962666748069
0.00014396477322148408,0.0001700813068838923,3.388840263684362e-07,-0.29340183946408926,0.020537048667573728
0.0001321992767851934,0.0001207363432576869,2.0255246753726482e-07,-0.567771183867529,0.004356365634566293
0.0002410752596147395,0.0002988061831626395,1.0195134133055415e-06,-0.1754884826960026,0.018060295028132053
0.000303578665505569,0.0003414067909409431,1.4045575110453095e-06,-0.12119253855293759,0.016012702493566476
0.0003428856508186265,0.0004396275937305385,2.1696940095795873e-06,-0.09565417072956982,0.01887550749503981
0.0004375810151991922,0.0004389993626056848,2.499018785235756e-06,-0.07921129111819498,0.00914194072625661
0.00031900279751831195,0.00042909371834298695,2.0206817488289114e-06,-0.11270955765553592,0.017373130185446117
0.00023190103930148656,0.00036896787922413945,1.3970668697533836e-06,-0.13193564349433992,0.032188440424301086
0.00029733078385203775,0.0003301744536045948,1.3236450523563752e-06,-0.15507242272437421,0.008566023865471695
0.0003540374483502159,0.0003447316558284209,1.5738568969610946e-06,-0.11178177634348925,0.014206851774625306
0.00027964187176301536,0.00041473179783129,1.811461432912025e-06,-0.08492163244289407,0.034915039829136504
0.0003297675246445607,0.000502722403008429,2.6338335423209806e-06,-0.0529274119729453,0.06996467820541884
0.000299609863671236,0.00040864952807322677,1.8212807631476055e-06,-0.08148726457951073,0.03559609906814033
0.0004201501353535462,0.0004605122478994262,2.595489341188489e-06,-0.0925818555483042,0.009908191099370738
0.0002998809361291378,0.00033334625886970084,1.3483680537030686e-06,-0.09244992032288507,0.030765695895392454
0.0003636025015034977,0.000416806427276959,2.0701585240359654e-06,-0.11842767662493597,0.011849040494197747
0.0005794938476023733,0.0007408372335949409,6.170118358192653e-06,-0.0341673362316647,0.039828005113870774
0.0003672627979697952,0.0008192722788897783,6.299357040945798e-06,-0.03502209520957447,0.08849329768111695
0.0004644820200579824,0.0008517036200514941,7.124175294906552e-06,-0.02905951183382046,0.08486700981269997
0.000600890130076087,0.0008145304687448484,7.255884989973214e-06,-0.030817501373325437,0.04247992615705488
0.000500556690395906,0.0005369564049681913,3.5764278833360012e-06,-0.07018488401889887,0.013038295956549798
0.0004237509769911011,0.00044525672346994985,2.4920879645185017e-06,-0.08556573932917236,0.009297840991759879
0.00042462186677250265,0.0004565221621813693,2.5815437628241447e-06,-0.08824746166048694,0.00984438494417949
0.0002741778880685196,0.00037155006397703044,1.5099678299698549e-06,-0.09712387885569287,0.03504672776598501
0.0002154017885850842,0.00031451150563441434,1.0482034539818549e-06,-0.12932097069529794,0.03120068238523785
0.00017020999811326817,0.00021862188788093683,5.360901441764468e-07,-0.23078667716346998,0.020748741253561773
0.000296682043739639,0.00035135453170919746,1.4442669001930194e-06,-0.12038175245722664,0.019467375183317096
0.00040039298871952846,0.0004601406728728036,2.5193248649540934e-06,-0.08601382634855294,0.01267363148664411
0.0003961469493671342,0.0005988108490107072,3.7488377429045735e-06,-0.06139551840860553,0.02905020005909524
0.0005111109548229258,0.0005863618798457793,4.095136387662376e-06,-0.06337727870694262,0.010293894912769034
0.0004027573467444105,0.000592736022147752,3.7113444520724525e-06,-0.07223289648693919,0.01635519960205027
0.0002602727858770609,0.000402332149256326,1.678317882900369e-06,-0.12676752529956678,0.021522078998779556
0.00030795576645922703,0.00039017305470520836,1.719081657855713e-06,-0.10207461394784648,0.0239232751531577
0.0002689837770414662,0.00030254796303994593,1.1029194874312822e-06,-0.20544550239551346,0.007559217821744203
0.0002993006799600671,0.000321631857747787,1.2817559037981115e-06,-0.1592914114196736,0.009880373143634694
0.00041976104276152527,0.000529915630120969,3.176709879454711e-06,-0.07293869300476233,0.01966213883151602
0.0003724247737043973,0.0005530280821630882,3.2194148579589692e-06,-0.04942088732899014,0.06111937011540649
0.0004035229769401231,0.0004708163089357962,2.6149451305292035e-06,-0.055818249454771866,0.03702929318289504
0.0004721999385449975,0.0005741355970694208,3.801945903312091e-06,-0.0603777454153082,0.020321977513781356
